class,string_addr,function,ref_addr,jal_target,a2_value
0123456789abcdefghijklmnopqrstuvwxyz,003d6cb0,00360cf8,00360d4c,,
0123456789abcdefghijklmnopqrstuvwxyz,003d6cb0,00360cf8,00360d20,,
7thWave,003f2fb0,00109640,001096c8,,
CBkRwAIActionCharacter,003f6170,001a4930,001a4b94,002dfdc8,00170030
CBkRwAIBrainCharacter,003f6188,001a4930,001a4bbc,002e1da8,001701d8
CBkRwAIEntityCharacter,003f61a0,001a4930,001a4bdc,002e4d88,001706c0
CBkRwAIBlockPathObject,003f61b8,001a4930,001a4c00,002e4d88,00171a68
CBkRwAIEntity,003f61d0,001a4930,001a4c20,002e4d88,00171a68
CBkRwAICustomHeuristic,003f61e0,001a4930,001a4c5c,002f22d8,00171d20
CBkRwAICustomConstraint,003f61f8,001a4930,001a4c7c,002e51d8,00171d20
CBkRwAICustomPathfinder,003f6210,001a4930,001a4cac,002e75d0,00171d88
60HzSelect,003fac00,0020e338,0020e440,0035cbc0,
CBkAIActionTagManager,00400b88,0028c040,0028c25c,,002895e0
CBkAIColourBasedHeuristic,00400ba0,0028c040,0028c334,002f22d8,00289ec8
CFleeAgent,004040f0,002d2ce8,002d2d0c,002e00f0,002d1610
Q24Kaim7CObject,00404100,00389100,00389128,,
Q24Kaim11CGraphPoint,00404110,003891b0,003891dc,00370168,0049a928
Q24Kaim10CFleeAgent,00404128,00389240,0038926c,00370168,0049a948
Q24Kaim24RecursiveFlightTraversal,00404140,00389318,00389344,00370168,0049a938
Q24Kaimt10CMetaClass2ZQ24Kaim6CAgentZPFPQ24Kaim6CBrain_PQ24Kaim6CAgent,00404168,00389370,00389398,,
Q24Kaim13CPointWrapper,004041b0,003893b0,003893dc,00370168,0040ebc0
Q24Kaim16CVertexTraversal,004041c8,00389400,0038942c,00370168,0040ebc0
CFollowerAgent,00404250,002d34c0,002d34e4,002e00f0,002d2ff8
Q24Kaim14CFollowerAgent,00404260,00389480,003894ac,00370168,0049a948
CGotoAgent,004042d0,002d3970,002d3994,002e00f0,002d38c8
Q24Kaim10CGotoAgent,004042e0,00389500,0038952c,00370168,0049a948
CHideAgent,00404400,002d5008,002d502c,002e00f0,002d3c90
Q24Kaim10CHideAgent,00404438,00389578,003895a4,00370168,0049a948
CPathWayAgent,00404530,002d61b8,002d61dc,002e00f0,002d53f0
Q24Kaim13CPathWayAgent,00404540,00389618,00389644,00370168,0049a948
CShooterAgent,00404630,002d6fa8,002d6fcc,002e00f0,002d65e8
Q24Kaim7CObject,00404640,003896a8,003896ec,00370168,
Q34Kaimt8CVarList1ZPQ24Kaim7CEntity9CIterator,00404650,003896a8,003896f8,00370168,
Q24Kaim13CShooterAgent,00404680,00389720,0038974c,00370168,0049a948
CWanderAgent,004046f8,002d74a0,002d74c4,002e00f0,002d7260
Q24Kaim12CWanderAgent,00404730,003897c8,003897f4,00370168,0049a948
CActionAcceleration,004047b8,002d79e0,002d7a04,002dfeb0,002d7970
Q24Kaim19CActionAcceleration,004047d0,00389840,0038986c,00370168,0049a9d8
Q24Kaim7CObject,004047f0,00389908,0038994c,00370168,
Q24Kaim16CActionAttribute,00404800,00389908,00389958,00370168,
Q24Kaimt10CMetaClass2ZQ24Kaim16CActionAttributeZPFv_PQ24Kaim16CActionAttribute,00404820,00389980,003899a8,,
CActionCrouch,00404880,002d7b68,002d7b8c,002dfeb0,002d7af8
Q24Kaim13CActionCrouch,00404890,003899f0,00389a1c,00370168,0049a9d8
CActionJump,00404938,002d7cf0,002d7d14,002dfeb0,002d7c80
Q24Kaim11CActionJump,00404948,00389ab8,00389ae4,00370168,0049a9d8
CActionRotate,004049f0,002d7e78,002d7e9c,002dfeb0,002d7e08
Q24Kaim13CActionRotate,00404a00,00389b80,00389bac,00370168,0049a9d8
CActionShoot,00404aa8,002d8000,002d8024,002dfeb0,002d7f90
Q24Kaim12CActionShoot,00404ab8,00389c48,00389c74,00370168,0049a9d8
CActionSpeed,00404b60,002d81a8,002d81cc,002dfeb0,002d8138
Q24Kaim12CActionSpeed,00404b70,00389d40,00389d6c,00370168,0049a9d8
CActionSteering,00404c18,002d8330,002d8354,002dfeb0,002d82c0
Q24Kaim15CActionSteering,00404c28,00389e08,00389e34,00370168,0049a9d8
CEntityCanFly,00404ce8,002d8718,002d873c,002e4dc8,002d86a8
Q24Kaim13CEntityCanFly,00404cf8,00389ed0,00389efc,00370168,0049aa58
Q24Kaim7CObject,00404d10,00389f90,00389fd4,00370168,
Q24Kaim16CEntityAttribute,00404d20,00389f90,00389fe0,00370168,
Q24Kaimt10CMetaClass2ZQ24Kaim16CEntityAttributeZPFv_PQ24Kaim16CEntityAttribute,00404d40,0038a008,0038a030,,
CEntityEyePosition,00404da0,002d8890,002d88b4,002e4dc8,002d8828
Q24Kaim18CEntityEyePosition,00404db8,0038a078,0038a0a4,00370168,0049aa58
CEntityGunPosition,00404e68,002d8a20,002d8a44,002e4dc8,002d89b8
Q24Kaim18CEntityGunPosition,00404e80,0038a170,0038a19c,00370168,0049aa58
CEntityHeadDirection,00404f30,002d8bb0,002d8bd4,002e4dc8,002d8b48
Q24Kaim20CEntityHeadDirection,00404f48,0038a268,0038a294,00370168,0049aa58
CEntityHearingAcuteness,00404ff8,002d8d40,002d8d64,002e4dc8,002d8cd8
Q24Kaim23CEntityHearingAcuteness,00405010,0038a360,0038a38c,00370168,0049aa58
CEntityHeight,004050c8,002d8ef8,002d8f1c,002e4dc8,002d8e60
Q24Kaim13CEntityHeight,004050d8,0038a440,0038a46c,00370168,0049aa58
CEntityKneePosition,00405180,002d9068,002d908c,002e4dc8,002d9000
Q24Kaim19CEntityKneePosition,00405198,0038a528,0038a554,00370168,0049aa58
CEntityLength,00405248,002d9228,002d924c,002e4dc8,002d9190
Q24Kaim13CEntityLength,00405258,0038a620,0038a64c,00370168,0049aa58
CEntityMaxSpeed,00405300,002d93c0,002d93e4,002e4dc8,002d9330
Q24Kaim15CEntityMaxSpeed,00405310,0038a708,0038a734,00370168,0049aa58
CEntityTeamSide,004053c0,002d9540,002d9564,002e4dc8,002d94c8
Q24Kaim15CEntityTeamSide,004053d0,0038a7e8,0038a814,00370168,0049aa58
CEntityTorsoOrientation,00405480,002d96b8,002d96dc,002e4dc8,002d9650
Q24Kaim23CEntityTorsoOrientation,00405498,0038a8b0,0038a8dc,00370168,0049aa58
CEntityVisualAcuteness,00405550,002d9880,002d98a4,002e4dc8,002d97e0
Q24Kaim22CEntityVisualAcuteness,00405568,0038a988,0038a9b4,00370168,0049aa58
CEntityWidth,00405618,002d9a90,002d9ab4,002e4dc8,002d99f8
Q24Kaim12CEntityWidth,00405628,0038aaa0,0038aacc,00370168,0049aa58
CActionActivate,004056d0,002d9c08,002d9c2c,002dfeb0,002d9b98
Q24Kaim15CActionActivate,004056e0,0038ab88,0038abb4,00370168,0049a9d8
CActionHeadRotate,00405790,002d9d90,002d9db4,002dfeb0,002d9d20
Q24Kaim17CActionHeadRotate,004057a8,0038ac50,0038ac7c,00370168,0049a9d8
CActionTorsoRotate,00405858,002d9f20,002d9f44,002dfeb0,002d9eb0
Q24Kaim18CActionTorsoRotate,00405870,0038ad30,0038ad5c,00370168,0049a9d8
CActionVerticalSpeed,00405920,002da0b0,002da0d4,002dfeb0,002da040
Q24Kaim20CActionVerticalSpeed,00405938,0038ae10,0038ae3c,00370168,0049a9d8
CPathWayManager,00405a08,002da920,002da944,002e7610,002da208
Q24Kaim7CObject,00405a18,0038aee0,0038af24,00370168,
Q34Kaim15CPathWayManager11CPathWayMap,00405a28,0038aee0,0038af30,00370168,
Q24Kaim15CPathWayManager,00405a50,0038af58,0038af84,00370168,0049ab88
Q24Kaim13CWorldService,00405a70,0038afb8,0038afe4,00370168,0049ab98
Q24Kaimt10CMetaClass2ZQ24Kaim13CWorldServiceZPFv_PQ24Kaim13CWorldService,00405a88,0038b008,0038b030,,
CPointMapper,00405b70,002dc7e0,002dc804,002e7610,002dad10
Q24Kaim12CPointMapper,00405b80,0038b0f0,0038b11c,00370168,0049ab88
CScriptManager,00405c50,002dd158,002dd17c,002e7610,002dca40
Q24Kaim7CObject,00405c60,0038b1f0,0038b234,00370168,
Q34Kaim14CScriptManager10CScriptMap,00405c70,0038b1f0,0038b240,00370168,
Q24Kaim14CScriptManager,00405c98,0038b268,0038b294,00370168,0049ab88
Q24Kaim7CObject,00405e48,0038b2c8,0038b30c,00370168,
Q24Kaim7CObject,00405e48,0038b378,0038b3bc,00370168,
Q24Kaim9CScriptWP,00405e58,0038b2c8,0038b318,00370168,
Q24Kaim8CPathWay,00405e70,0038b378,0038b3c8,00370168,
Q24Kaim7CScript,00405ec0,0038b3f8,0038b424,00370168,0040ebc0
Q24Kaim7CObject,00405ef0,0038b4c0,0038b504,00370168,
Q24Kaim7CAction,00405f00,0038b4c0,0038b510,00370168,
Q24Kaim12CActionClass,00405f10,0038b5c0,0038b5ec,00370168,0040ebe8
Q24Kaim21CActionAttributeClass,00405f28,0038b640,0038b66c,00370168,0040ebd0
Q24Kaimt10CMetaClass2ZQ24Kaim7CActionZPFv_PQ24Kaim7CAction,00405f48,0038b9d0,0038b9f8,,
Q24Kaim6CAgent,00405ff0,0038ba88,0038bab4,00370168,0040ebc0
Q24Kaim11CAgentClass,00406010,0038bb60,0038bb8c,00370168,0040ebc8
Q24Kaim7CObject,00406100,0038c020,0038c064,00370168,
Q24Kaim17CEntityDefinition,00406140,0038bef8,0038bf24,00370168,0049b080
Q24Kaim15CTeamDefinition,00406160,0038bf98,0038bfc4,00370168,0049b080
Q34Kaimt8CVarList1ZPQ24Kaim5CTeam9CIterator,00406180,0038c020,0038c070,00370168,
Q24Kaim7CObject,004061d8,0038c318,0038c35c,00370168,
Q24Kaim6CBrain,004061e8,0038c318,0038c368,00370168,
Q24Kaim11CBrainClass,004061f8,0038c5a8,0038c5d4,00370168,0040ebf0
Q24Kaimt10CMetaClass2ZQ24Kaim6CBrainZPFPQ24Kaim7CEntityRQ24Kaim12CActionClass_PQ24Kaim6CBrain,00406210,0038c7a8,0038c7d0,,
Q24Kaim7CObject,00406280,0038c820,0038c864,00370168,
Q24Kaim12CTraceResult,00406290,0038c820,0038c870,00370168,
Q24Kaim7CObject,004062b8,0038c898,0038c8dc,00370168,
Q24Kaim5CData,004062c8,0038c898,0038c8e8,00370168,
Q24Kaim7CObject,004062e8,0038c928,0038c96c,00370168,
Q24Kaim7CObject,004062e8,0038c9d8,0038ca1c,00370168,
Q24Kaimt8CVarList1ZPQ24Kaim7CEntity,004062f8,0038c928,0038c978,00370168,
Q34Kaimt8CVarList1ZPQ24Kaim7CEntity5CCell,00406350,0038c9d8,0038ca28,00370168,
Q24Kaim7CObject,00406398,0038cb28,0038cb6c,00370168,
Q24Kaim7CObject,00406398,0038cba8,0038cbec,00370168,
Q24Kaim7CObject,00406398,0038ccb0,0038ccf4,00370168,
Q24Kaim7CEntity,004063d8,0038cb28,0038cb78,00370168,
Q24Kaimt8CVarList1ZPQ24Kaim5CTeam,004063e8,0038cba8,0038cbf8,00370168,
Q34Kaimt8CVarList1ZPQ24Kaim5CTeam5CCell,00406440,0038ccb0,0038cd00,00370168,
Q24Kaim12CEntityClass,00406468,0038ce30,0038ce5c,00370168,0040ebf8
Q24Kaim21CEntityAttributeClass,00406480,0038ceb0,0038cedc,00370168,0040ebd8
Q24Kaimt10CMetaClass2ZQ24Kaim7CEntityZPFPCcPv_PQ24Kaim7CEntity,004064a0,0038d240,0038d268,,
Q24Kaim11IPathFinder,00406570,0038d280,0038d2ac,00370168,0049b950
Q24Kaim13CBrainService,00406588,0038d390,0038d3bc,00370168,0049ab98
Q24Kaimt10CMetaClass2ZQ24Kaim13CBrainServiceZPFPQ24Kaim6CBrain_PQ24Kaim13CBrainService,004065a0,0038d3e0,0038d408,,
Q24Kaim16IConstraintClass,004065f8,0038d450,0038d47c,00370168,0040ec08
Q24Kaimt10CMetaClass2ZQ24Kaim11IConstraintZPFv_PQ24Kaim11IConstraint,00406618,0038d650,0038d678,,
Q24Kaim7CObject,00406700,0038d830,0038d874,00370168,
Q24Kaim7CObject,00406700,0038d928,0038d980,00370168,
Q24Kaim7CObject,00406700,0038d9e0,0038da24,00370168,
Q24Kaim7CObject,00406700,0038da58,0038dab0,00370168,
Q24Kaim7CObject,00406700,0038db38,0038db7c,00370168,
Q24Kaim7CObject,00406700,0038dc58,0038dc9c,00370168,
Q24Kaim7CObject,00406700,0038dd08,0038dd4c,00370168,
Q24Kaim7CObject,00406700,0038de90,0038ded4,00370168,
Q24Kaim7CObject,00406700,0038df40,0038df84,00370168,
Q24Kaim7CObject,00406700,0038d690,0038d6fc,00370168,
Q24Kaim7CObject,00406700,0038d760,0038d7cc,00370168,
Q24Kaim14CBaseAllocator,00406710,0038d830,0038d880,00370168,
Q24Kaim14CBaseAllocator,00406710,0038d928,0038d98c,00370168,
Q24Kaim14CBaseAllocator,00406710,0038da58,0038dabc,00370168,
Q24Kaim14CBaseAllocator,00406710,0038d690,0038d708,00370168,
Q24Kaim14CBaseAllocator,00406710,0038d760,0038d7d8,00370168,
Q24Kaim10CAllocator,00406728,0038d928,0038d9a0,00370168,
Q24Kaim10CAllocator,00406728,0038d690,0038d71c,00370168,
Q24Kaim10CAllocator,00406728,0038d760,0038d7ec,00370168,
Q24Kaim15CBasicAllocator,00406740,0038d690,0038d730,00370168,
Q24Kaim19CPoolBasedAllocator,00406760,0038d760,0038d800,00370168,
Q24Kaimt8CVarList1ZPQ24Kaim14CFreeListBlock,00406780,0038d9e0,0038da30,00370168,
Q24Kaim9CFreeList,004067b0,0038da58,0038dad0,00370168,
Q34Kaimt8CVarList1ZPQ24Kaim14CFreeListBlock9CIterator,004067c8,0038db38,0038db88,00370168,
Q24Kaim14CFreeListBlock,00406800,0038dc08,0038dc34,00370168,0049b9a0
Q24Kaimt8CVarList1ZPQ24Kaim14CBaseAllocator,00406818,0038dc58,0038dca8,00370168,
Q34Kaimt8CVarList1ZPQ24Kaim14CBaseAllocator5CCell,00406848,0038dd08,0038dd58,00370168,
Q34Kaimt8CVarList1ZPQ24Kaim14CBaseAllocator9CIterator,00406880,0038de90,0038dee0,00370168,
Q34Kaimt8CVarList1ZPQ24Kaim14CFreeListBlock5CCell,004068b8,0038df40,0038df90,00370168,
CNearestPoint,00406a00,002e72f0,002e7314,0038e108,
Q24Kaim27CPointContainerWrapperClass,00406a28,0038e300,0038e32c,00370168,0040ec18
Q24Kaimt10CMetaClass2ZQ24Kaim10CPointInfoZPFv_PQ24Kaim10CPointInfo,00406a50,0038e350,0038e378,,
Q24Kaimt10CMetaClass2ZQ24Kaim10CPointInfoZPFv_PQ24Kaim10CPointInfo,00406a50,0038e3c0,0038e404,00370168,
Q24Kaim15CPointInfoClass,00406a98,0038e3c0,0038e410,00370168,
Q24Kaimt10CMetaClass2ZQ24Kaim22CPointContainerWrapperZPFv_PQ24Kaim22CPointContainerWrapper,00406ac8,0038e5f8,0038e620,,
Q24Kaim12CBaseService,00406b40,0038e6e0,0038e70c,00370168,0040ebc0
Q24Kaim18CBrainServiceClass,00406b80,0038e840,0038e86c,00370168,0040ec00
Q24Kaim18CWorldServiceClass,00406ba0,0038e8c0,0038e8ec,00370168,0040ebe0
Q24Kaim7CObject,00406c78,0038ec30,0038ec74,00370168,
Q24Kaim7CObject,00406c78,0038eca8,0038ecec,00370168,
Q24Kaim7CObject,00406c78,0038ed20,0038ed64,00370168,
Q34Kaim12CTimeManager11CEntityInfo,00406c88,0038ec30,0038ec80,00370168,
Q34Kaim12CTimeManager9CTeamInfo,00406cb0,0038eca8,0038ecf8,00370168,
Q24Kaim12CTimeManager,00406cd0,0038ed20,0038ed70,00370168,
Q24Kaim7CObject,00406e48,0038ee08,0038ee4c,00370168,
Q24Kaim6CWorld,00406e58,0038ee08,0038ee58,00370168,
CTeam,00406f88,002ec8a0,002ec8c8,0038f000,002ec918
Q24Kaim7CObject,00406f90,0038ef20,0038ef64,00370168,
Q24Kaim5CTeam,00407028,0038ef20,0038ef70,00370168,
Q24Kaimt10CMetaClass2ZQ24Kaim5CTeamZPFUiPCc_PQ24Kaim5CTeam,00407068,0038f190,0038f1b8,,
Q24Kaimt10CMetaClass2ZQ24Kaim5CTeamZPFUiPCc_PQ24Kaim5CTeam,00407068,0038f200,0038f244,00370168,
Q24Kaim10CTeamClass,004070a8,0038f200,0038f250,00370168,
Q24Kaim7CObject,004070e0,0038f330,0038f374,00370168,
Q24Kaim7CObject,004070e0,0038f3e0,0038f424,00370168,
Q24Kaim7CObject,004070e0,0038f490,0038f4d4,00370168,
Q24Kaimt8CVarList1ZPQ24Kaim7CVertex,004070f0,0038f330,0038f380,00370168,
Q34Kaimt8CVarList1ZPQ24Kaim7CVertex5CCell,00407118,0038f3e0,0038f430,00370168,
Q34Kaimt8CVarList1ZPQ24Kaim7CVertex9CIterator,00407148,0038f490,0038f4e0,00370168,
CFindNearestData,00407230,002f09a8,002f09cc,002f35b0,002eef88
Q24Kaim16CFindNearestData,00407248,0038ff70,0038ff9c,00370168,0049bb20
Q24Kaim7CObject,00407288,00390060,003900a4,00370168,
Q24Kaim10CGraphData,00407298,00390060,003900b0,00370168,
Q24Kaimt10CMetaClass2ZQ24Kaim10CGraphDataZPFPQ24Kaim13CSpatialGraph_PQ24Kaim10CGraphData,004072b0,003900d8,00390100,,
CConstraint,00407330,002f1eb0,002f1edc,002e51d8,
CConstraintShortestPath,00407340,002f1eb0,002f1f04,002e51d8,002f0ee8
CConstraintStealthPath,00407358,002f1eb0,002f1f24,002e51d8,002f12c0
CConstraintConeVisionStealthPath,00407370,002f1eb0,002f1f44,002e51d8,002f15e0
CConstraintPointToFleePath,00407398,002f1eb0,002f1f64,002e51d8,002f1b58
CSphereConstraint,004073b8,002f1eb0,002f1f80,002e51d8,002f1d70
CHeuristicEuclidianDistance,004073d0,002f1eb0,002f1fa4,00390818,002f1d70
CZeroHeuristic,004073f0,002f1eb0,002f1fd8,00390818,002f1dd8
CPathCostHeuristic,00407400,002f1eb0,002f200c,00390818,002f1e40
Q24Kaim23CConstraintShortestPath,00407418,003901f8,00390224,00370168,0049bbb0
Q24Kaim23CConstraintShortestPath,00407418,00390498,003904e0,00370168,0049bbb0
Q24Kaim22CConstraintStealthPath,00407440,003902a8,003902d4,00370168,0049bbb0
Q24Kaim32CConstraintConeVisionStealthPath,00407460,00390350,0039037c,00370168,0049bbb0
Q24Kaim26CConstraintPointToFleePath,00407490,003903f0,0039041c,00370168,0049bbb0
Q24Kaim17CSphereConstraint,004074b8,00390498,003904f8,00370168,
Q24Kaim27CHeuristicEuclidianDistance,004074d8,003905e0,0039060c,00370168,0049bbc0
Q24Kaim14CZeroHeuristic,00407500,003906f8,00390724,00370168,0049bbc0
Q24Kaim18CPathCostHeuristic,00407518,003907a0,003907cc,00370168,0049bbc0
Q24Kaim7CObject,00407538,00390ae0,00390b24,00370168,
Q24Kaim11CConstraint,00407590,003909a8,003909d4,00370168,0049bbe0
Q24Kaimt10CMetaClass2ZQ24Kaim10CHeuristicZPFv_PQ24Kaim10CHeuristic,004075a8,003909f8,00390a20,,
Q24Kaimt10CMetaClass2ZQ24Kaim10CHeuristicZPFv_PQ24Kaim10CHeuristic,004075a8,00390a68,00390aac,00370168,
Q24Kaim15CHeuristicClass,004075f0,00390a68,00390ab8,00370168,
Q24Kaim10CHeuristic,00407610,00390ae0,00390b30,00370168,
Q24Kaim11IConstraint,00407628,00390b58,00390b84,00370168,0040ebc0
CGraphManager,004076b8,002f2e28,002f2e4c,002e7610,002f2438
Q24Kaim7CObject,004076c8,00390c20,00390c64,00370168,
Q34Kaim13CGraphManager9CGraphMap,004076d8,00390c20,00390c70,00370168,
Q24Kaim13CGraphManager,00407700,00390c98,00390cc4,00370168,0049ab88
CGraphWrapper,00407790,002f3458,002f347c,002e7400,002f33e8
Q24Kaim13CGraphWrapper,004077a0,00390dd0,00390dfc,00370168,0049bc20
Q24Kaim7CObject,004077b8,00390e48,00390e8c,00370168,
Q24Kaim22CPointContainerWrapper,004077c8,00390e48,00390e98,00370168,
Q24Kaim15CGraphDataClass,00407858,00390ef0,00390f1c,00370168,0040ec28
CPathCostData,00407900,002f4260,002f4284,002f35b0,002f3600
Q24Kaim13CPathCostData,00407920,003910d0,003910fc,00370168,0049bb20
CPathObject,00407a20,002f49f0,002f4a10,002e4d88,
Q34Kaim11CPathObject11CLinkedEdge,00407a30,003911e8,00391214,00370168,0040ebc0
Q24Kaim11CPathObject,00407a58,00391238,00391264,00370168,0049b4e8
CPathObjectManager,00407ae8,002f5760,002f5784,002e7610,002f4bc0
Q24Kaim7CObject,00407b00,003913e8,0039142c,00370168,
Q24Kaim10CPointPair,00407b10,003913e8,00391438,00370168,
Q24Kaim18CPathObjectManager,00407b28,00391460,0039148c,00370168,0049ab88
Q24Kaim7CObject,00407bd0,003914c0,00391504,00370168,
Q24Kaim7CObject,00407bd0,00391548,0039158c,00370168,
Q24Kaim5CPath,00407be0,003914c0,00391510,00370168,
Q24Kaim13CSpatialGraph,00407bf0,00391548,00391598,00370168,
28SaveFastBinaryGraphTraversal,00407c08,00391768,00391794,00370168,0049bcc0
Q24Kaim15CGraphTraversal,00407c40,00391d88,00391db4,00370168,0040ebc0
Q24Kaim7CObject,00407c70,00392aa0,00392af8,00370168,
Q24Kaim7CObject,00407c70,003921f0,00392248,00370168,
Q24Kaim7CObject,00407c70,003925a0,003925f8,00370168,
Q24Kaim7CObject,00407c70,00391e58,00391eb0,00370168,
Q24Kaim15CGraphTraversal,00407c80,00392aa0,00392b04,00370168,
Q24Kaim15CGraphTraversal,00407c80,003921f0,00392254,00370168,
Q24Kaim15CGraphTraversal,00407c80,003925a0,00392604,00370168,
Q24Kaim15CGraphTraversal,00407c80,00391e58,00391ebc,00370168,
26FindNearestVertexTraversal,00407ca0,00391e58,00391ed0,00370168,
27FindNearestVisibleTraversal,00407cc0,003921f0,00392268,00370168,
34FindNearestLocallyVisibleTraversal,00407ce0,003925a0,00392618,00370168,
24FindNearestEdgeTraversal,00407d08,00392aa0,00392b18,00370168,
CAccessWaysData,00407d58,002fd780,002fd7a4,002f35b0,002fcaa8
Q24Kaim15CAccessWaysData,00407d78,00392d50,00392d7c,00370168,0049bb20
26ComputeAccessWaysTraversal,00407d98,00392df8,00392e24,00370168,0049bcc0
Q24Kaim15CGraphTraversal,00407dd8,00393200,00393248,00370168,0040ebc0
26ComputeVisibilityTraversal,00407e70,00393200,00393260,00370168,
CAstarData,00407eb8,002fea88,002feaac,002f35b0,002fd998
Q24Kaim10CAstarData,00407ed8,00393548,00393574,00370168,0049bb20
CPathFinder,00408268,003039d8,00303a24,002e75d0,002fec10
Q24Kaim7CObject,004083a0,00393860,003938a4,00370168,
Q34Kaim11CPathFinder15CConstraintInfo,004083c8,00393860,003938b0,00370168,
Q24Kaim11CPathFinder,004083f0,003938d8,00393904,00370168,0049b940
Q24Kaimt10CStringMap2ZPFRQ24Kaim11CPathFinder_UcUi16,00408460,00393cb8,00393ce4,00370168,0040ebc0
Q24Kaimt10CStringMap2ZPFRQ24Kaim11CPathFinderRQ24Kaim7CVectorUcUc_PQ24Kaim7CVertexUi16,00408498,00393d08,00393d34,00370168,0040ebc0
Q24Kaimt10CStringMap2ZPFRQ24Kaim11CPathFinderRQ24Kaim7CVector_UcUi16,004084f0,00393d58,00393d84,00370168,0040ebc0
Q24Kaimt10CStringMap2ZPFRQ24Kaim11CPathFinderRQ24Kaim4MoveRCQ24Kaim7CVector_UcUi16,00408538,00393da8,00393dd4,00370168,0040ebc0
CRepulsorDynamicAvoidance,00408630,003063a8,003063cc,0030d0e0,00305538
Q24Kaim25CRepulsorDynamicAvoidance,00408690,00393ed8,00393f04,00370168,0049bdc0
Q24Kaimt10CMetaClass2ZQ24Kaim17IDynamicAvoidanceZPFPQ24Kaim11CPathFinder_PQ24Kaim17IDynamicAvoidance,004086b8,00393f38,00393f60,,
Q24Kaim17IDynamicAvoidance,00408720,00393f78,00393fa4,00370168,0040ebc0
CGapDynamicAvoidance,00408870,0030b750,0030b774,0030d0e0,003067a0
Q24Kaim7CObject,00408888,00393ff8,0039403c,00370168,
Q24Kaim7CObject,00408888,003940e0,00394124,00370168,
Q24Kaim7CObject,00408888,00394158,0039419c,00370168,
Q24Kaim7CObject,00408888,003942b8,003942fc,00370168,
Q24Kaim7CObject,00408888,00394370,003943b4,00370168,
Q24Kaim7CObject,00408888,003944f8,0039453c,00370168,
Q24Kaim7CObject,00408888,003945a8,003945ec,00370168,
Q24Kaim4CGap,004088e0,00393ff8,00394048,00370168,
Q24Kaim13EntityTracker,004088f0,003940e0,00394130,00370168,
Q34Kaim20CGapDynamicAvoidance16CCandidateTarget,00408908,00394158,003941a8,00370168,
Q24Kaim20CGapDynamicAvoidance,00408938,003941d0,003941fc,00370168,0049bdc0
Q24Kaimt8CVarList1ZQ34Kaim20CGapDynamicAvoidance16CCandidateTarget,00408958,003942b8,00394308,00370168,
Q34Kaimt8CVarList1ZQ34Kaim20CGapDynamicAvoidance16CCandidateTarget5CCell,004089a0,00394370,003943c0,00370168,
Q34Kaimt8CVarList1ZQ34Kaim20CGapDynamicAvoidance16CCandidateTarget9CIterator,004089f0,003944f8,00394548,00370168,
Q34Kaimt8CVarList1ZQ24Kaim4CGap9CIterator,00408a40,003945a8,003945f8,00370168,
Q24Kaim7CObject,00408b18,00394620,00394664,00370168,
Q24Kaim7CObject,00408b18,00394698,003946dc,00370168,
Q24Kaim7CObject,00408b18,00394750,00394794,00370168,
Q24Kaimt8CVarList1ZQ24Kaim4CGap,00408b38,00394620,00394670,00370168,
Q24Kaim11CGapManager,00408b58,00394698,003946e8,00370168,
Q34Kaimt8CVarList1ZQ24Kaim4CGap5CCell,00408b70,00394750,003947a0,00370168,
Q24Kaim22CDynamicAvoidanceClass,00408bd8,00394950,0039497c,00370168,0040ec38
CSoundManager,00408d38,0030dfc0,0030dfe4,002e7610,0030d160
Q24Kaim6CSound,00408d48,00394b30,00394b5c,00370168,0040ebc0
Q24Kaim13CSoundManager,00408d58,00394bc0,00394bec,00370168,0049ab88
CEntityManager,00409070,0030fd68,0030fd8c,002e75d0,0030ea38
Q24Kaim7CObject,00409080,00394c68,00394cac,00370168,
Q24Kaim11CInfoEntity,004090c0,00394c68,00394cb8,00370168,
Q24Kaim14CEntityManager,004090d8,00394d18,00394d44,00370168,0049b950
0123456789ABCDEF,0040b100,00361530,00361b44,,
0123456789ABCDEF,0040b2f0,00362830,00362d04,,
13bad_exception,0040beb8,0036fff8,00370024,00370168,0040ec40
9exception,0040bec8,00370090,003700b8,,
17__class_type_info,0040bf70,00370468,00370494,00370168,0049bef0
14__si_type_info,0040bf88,003704f8,00370524,00370168,0049bef0
16__user_type_info,0040bfa0,00370580,003705ac,00370168,0040ec48
10bad_typeid,0040bfb8,00370638,00370664,00370168,0040ec40
8bad_cast,0040bfc8,003706d0,003706fc,00370168,0040ec40
9type_info,0040bfd8,00370760,00370788,0035ca74,
17__array_type_info,0040c0f0,00371210,0037123c,00370168,0040ec48
16__ptmd_type_info,0040c108,00371280,003712ac,00370168,0040ec48
16__ptmf_type_info,0040c120,003712f0,0037131c,00370168,0040ec48
16__func_type_info,0040c138,00371360,0037138c,00370168,0040ec48
19__builtin_type_info,0040c150,003713d0,003713fc,00370168,0040ec48
16__attr_type_info,0040c168,00371440,0037146c,00370168,0040ec48
19__pointer_type_info,0040c180,003714b0,003714dc,00370168,0040ec48
Q24Kaim14CXmlDataReader,0040c420,00396e78,00396ea4,00370168,0049bfb0
Q24Kaim7CObject,0040c438,00396ec8,00396f0c,00370168,
Q24Kaim11CDataReader,0040c448,00396ec8,00396f18,00370168,
