address,name,comment
0035c6ec,memset,libc (newlib): rellena con pcpyh; params dst/byte/n
0035c544,memcpy,libc: copia por bloques de 32 bytes si esta alineado
0035ccd8,strlen,libc: deteccion de byte cero con 0x0101.. / 0x8080..
0035cbc0,strcpy,libc: dos punteros alineados a 8; deteccion de byte cero
0035ca74,strcmp,libc: devuelve entero; identificada por patron (confianza media)
00364de0,tolower,libc: suma 0x20 si la tabla ctype marca mayuscula
00360838,stricmp,comparacion de cadenas insensible a mayusculas (usa tolower)
0035d728,sprintf,libc: buffer con limite 0x7fffffff y NUL final
00361460,vfprintf_internal,formateador usado por sprintf
00250058,Pool_Alloc,asignador por pools: this=pool; usa malloc crudo en DAT_0043da70
00250198,Pool_Free,libera bloque al pool o al free crudo DAT_0043da78
00250370,Pool_RoundSize,redondea tamano a multiplo de 4 con minimo del pool
002502d0,Pool_AddFreeBlock,inserta bloque en la lista libre del pool
00253ff0,String_ctor_cstr,string con refcount (short refs; short len; short cap) copiando de char*
00248678,Pow2Container_ctor,inicializa contenedor con capacidad potencia de dos
0029e0d8,acosf,libm con manejador de error
0029e1d8,asinf,libm con manejador de error
0029e2d8,atan2f,libm con manejador de error
0029dd90,atan2,libm con manejador de error
0029e400,fmodf,libm con manejador de error
0029eb90,sqrtf,libm con manejador de error (cadena sqrtf)
00254120,AS_Interpreter_main,interprete de ActionScript de los menus (propiedades _alpha/_xscale, substr, split...)
00252440,AS_ResolveRootParent,resuelve _root/_parent en el interprete de ActionScript
